{"cameraMode":{"drawMode":0,"name":"Shaded","section":"Shading Mode"},"sceneLighting":true,"audioPlay":false,"sceneViewState":{"showFog":true,"showMaterialUpdate":false,"showSkybox":true,"showFlares":true,"showImageEffects":true,"showParticleSystems":true},"in2DMode":false,"pivot":{"x":-3.109048843383789,"y":-1.2104499340057374,"z":6.229692459106445},"rotation":{"x":0.17897291481494904,"y":0.024790223687887193,"z":-0.004511008970439434,"w":0.9835312962532044},"size":15.149786949157715,"orthographic":false}