{"cameraMode":{"drawMode":0,"name":"Shaded","section":"Shading Mode"},"sceneLighting":true,"audioPlay":false,"sceneViewState":{"showFog":true,"showMaterialUpdate":true,"showSkybox":true,"showFlares":true,"showImageEffects":true,"showParticleSystems":true},"in2DMode":false,"pivot":{"x":31.78264808654785,"y":-20.393550872802736,"z":1.144012451171875},"rotation":{"x":-0.3192940056324005,"y":0.1748938411474228,"z":-0.06009003147482872,"w":-0.9294367432594299},"size":111.84465789794922,"orthographic":false}