{"cameraMode":{"drawMode":0,"name":"Shaded","section":"Shading Mode"},"sceneLighting":true,"audioPlay":false,"sceneViewState":{"showFog":true,"showMaterialUpdate":false,"showSkybox":true,"showFlares":true,"showImageEffects":true,"showParticleSystems":true},"in2DMode":false,"pivot":{"x":4.25677490234375,"y":1.51093590259552,"z":-5.985850811004639},"rotation":{"x":-0.09106343239545822,"y":0.7848886251449585,"z":-0.1188730001449585,"w":-0.601270854473114},"size":4.557607173919678,"orthographic":false}